{
  "anchorDir": "tumbler/demo/corpus",
  "eps": 0.02,
  "baseline": 0.26541825569988714,
  "corpusSamples": [
    {
      "rel": "01-what-it-is.md",
      "chars": 393
    },
    {
      "rel": "02-two-halves.md",
      "chars": 381
    },
    {
      "rel": "03-the-pulse.md",
      "chars": 347
    },
    {
      "rel": "04-fidelity.md",
      "chars": 402
    }
  ],
  "breakdown": {
    "total": 0.26541825569988714,
    "components": {
      "functionWords": 0.3051518580275938,
      "trigrams": 0.37937422331028536,
      "sentence": 0.11618956782007475,
      "punctuation": 0.1500987089343742,
      "typeTokenRatio": 0.16342095520177713
    },
    "weights": {
      "functionWords": 0.4,
      "trigrams": 0.25,
      "sentence": 0.15,
      "punctuation": 0.12,
      "typeTokenRatio": 0.08
    }
  },
  "fpCorpus": {
    "functionWords": [
      0.08904109589041095,
      0.0136986301369863,
      0.0273972602739726,
      0.0273972602739726,
      0.02054794520547945,
      0.02054794520547945,
      0.0547945205479452,
      0,
      0,
      0.00684931506849315,
      0.0547945205479452,
      0,
      0,
      0.010273972602739725,
      0.003424657534246575,
      0,
      0,
      0,
      0,
      0.0410958904109589,
      0,
      0.00684931506849315,
      0,
      0.0136986301369863,
      0,
      0.003424657534246575,
      0.010273972602739725,
      0,
      0,
      0,
      0.003424657534246575,
      0.010273972602739725,
      0,
      0.0136986301369863,
      0,
      0,
      0.010273972602739725,
      0,
      0.003424657534246575,
      0,
      0,
      0,
      0,
      0,
      0,
      0,
      0,
      0,
      0.003424657534246575,
      0,
      0,
      0,
      0,
      0,
      0,
      0,
      0,
      0,
      0,
      0,
      0,
      0,
      0.00684931506849315,
      0.00684931506849315,
      0,
      0.00684931506849315,
      0,
      0,
      0,
      0,
      0,
      0.010273972602739725,
      0,
      0,
      0.00684931506849315,
      0,
      0,
      0,
      0,
      0
    ],
    "sentence": {
      "mean": 10.068965517241379,
      "sd": 5.2910531803632095,
      "q25": 6,
      "q50": 10,
      "q75": 13
    },
    "typeTokenRatio": 0.5068493150684932,
    "punctuation": {
      "emdash": 0.0136986301369863,
      "semicolon": 0.017123287671232876,
      "parenthetical": 0
    },
    "trigrams": {
      " th": 0.02422145328719723,
      "the": 0.019377162629757784,
      "he ": 0.017993079584775088,
      "it ": 0.01245674740484429,
      "is ": 0.011764705882352941,
      " is": 0.011072664359861591,
      " it": 0.011072664359861591,
      " yo": 0.010380622837370242,
      "you": 0.010380622837370242,
      "ou ": 0.008304498269896194,
      "s t": 0.008304498269896194,
      " wh": 0.006920415224913495,
      "and": 0.006920415224913495,
      "in ": 0.006920415224913495,
      " an": 0.006228373702422145,
      "e s": 0.006228373702422145,
      "e t": 0.006228373702422145,
      "er ": 0.006228373702422145,
      "t a": 0.006228373702422145,
      " a ": 0.005536332179930796,
      " li": 0.005536332179930796,
      " on": 0.005536332179930796,
      "nd ": 0.005536332179930796,
      "ne ": 0.005536332179930796,
      "se ": 0.005536332179930796,
      "st ": 0.005536332179930796,
      "t i": 0.005536332179930796,
      " no": 0.004844290657439446,
      "es ": 0.004844290657439446,
      "re ": 0.004844290657439446,
      "t t": 0.004844290657439446,
      " in": 0.004152249134948097,
      " ke": 0.004152249134948097,
      " ne": 0.004152249134948097,
      " so": 0.004152249134948097,
      " to": 0.004152249134948097,
      "at ": 0.004152249134948097,
      "d i": 0.004152249134948097,
      "e w": 0.004152249134948097,
      "ed ": 0.004152249134948097,
      "hat": 0.004152249134948097,
      "hin": 0.004152249134948097,
      "ng ": 0.004152249134948097,
      "to ": 0.004152249134948097,
      "ver": 0.004152249134948097,
      " st": 0.0034602076124567475,
      "are": 0.0034602076124567475,
      "e i": 0.0034602076124567475
    },
    "_meta": {
      "tokens": 292,
      "sentences": 29,
      "trigramsTotal": 1445,
      "samples": 4
    }
  },
  "fpOG": {
    "functionWords": [
      0.05405405405405406,
      0.005405405405405406,
      0.016216216216216217,
      0.08108108108108109,
      0.010810810810810811,
      0.021621621621621623,
      0.005405405405405406,
      0,
      0,
      0.005405405405405406,
      0.02702702702702703,
      0,
      0.005405405405405406,
      0,
      0.005405405405405406,
      0,
      0,
      0,
      0,
      0.005405405405405406,
      0,
      0,
      0,
      0,
      0,
      0.005405405405405406,
      0.010810810810810811,
      0.005405405405405406,
      0,
      0,
      0,
      0,
      0.005405405405405406,
      0,
      0,
      0,
      0,
      0.005405405405405406,
      0.005405405405405406,
      0.010810810810810811,
      0,
      0,
      0,
      0.005405405405405406,
      0,
      0.005405405405405406,
      0,
      0,
      0,
      0,
      0,
      0.005405405405405406,
      0,
      0,
      0,
      0,
      0,
      0,
      0,
      0,
      0,
      0.005405405405405406,
      0.005405405405405406,
      0,
      0,
      0,
      0,
      0,
      0,
      0,
      0,
      0.005405405405405406,
      0,
      0,
      0,
      0,
      0,
      0,
      0,
      0
    ],
    "sentence": {
      "mean": 12.333333333333334,
      "sd": 6.729701991090608,
      "q25": 7.5,
      "q50": 13,
      "q75": 16.5
    },
    "typeTokenRatio": 0.6702702702702703,
    "punctuation": {
      "emdash": 0.021621621621621623,
      "semicolon": 0.010810810810810811,
      "parenthetical": 0
    },
    "trigrams": {
      " th": 0.016016016016016016,
      " a ": 0.014014014014014014,
      "the": 0.014014014014014014,
      "er ": 0.011011011011011011,
      "he ": 0.01001001001001001,
      "a s": 0.008008008008008008,
      "e a": 0.008008008008008008,
      " an": 0.007007007007007007,
      " re": 0.007007007007007007,
      "le ": 0.007007007007007007,
      "one": 0.007007007007007007,
      "s t": 0.007007007007007007,
      "e i": 0.006006006006006006,
      "e t": 0.006006006006006006,
      "in ": 0.006006006006006006,
      "ne ": 0.006006006006006006,
      " ho": 0.005005005005005005,
      " in": 0.005005005005005005,
      " it": 0.005005005005005005,
      " on": 0.005005005005005005,
      " se": 0.005005005005005005,
      "and": 0.005005005005005005,
      "cor": 0.005005005005005005,
      "ed ": 0.005005005005005005,
      "es ": 0.005005005005005005,
      "it ": 0.005005005005005005,
      "me ": 0.005005005005005005,
      "nd ": 0.005005005005005005,
      "re ": 0.005005005005005005,
      "ver": 0.005005005005005005,
      " ch": 0.004004004004004004,
      " co": 0.004004004004004004,
      " ha": 0.004004004004004004,
      " sm": 0.004004004004004004,
      " we": 0.004004004004004004,
      "all": 0.004004004004004004,
      "e p": 0.004004004004004004,
      "e s": 0.004004004004004004,
      "eal": 0.004004004004004004,
      "eco": 0.004004004004004004,
      "eve": 0.004004004004004004,
      "fro": 0.004004004004004004,
      "her": 0.004004004004004004,
      "hol": 0.004004004004004004,
      "ld ": 0.004004004004004004,
      "ll ": 0.004004004004004004,
      "mal": 0.004004004004004004,
      "ore": 0.004004004004004004
    },
    "_meta": {
      "tokens": 185,
      "sentences": 15,
      "trigramsTotal": 999,
      "samples": 10
    }
  }
}
